{
  "todos": [
    {
      "id": "1b0e",
      "todo": "ㅁㄴㅇㄻㄴㅇ",
      "done": false,
      "editing": false
    },
    {
      "id": "a37e",
      "todo": "인라인",
      "done": false
    },
    {
      "id": "a693",
      "todo": "ㅁㄴㅇㄹ",
      "done": false,
      "editing": false
    },
    {
      "id": "3451",
      "todo": "보호대",
      "done": false
    }
  ],
  "users": [
    {
      "id": "1111",
      "password": "1111"
    },
    {
      "id": "2222",
      "password": "2222"
    },
    {
      "id": "salee981119",
      "password": "981119"
    }
  ]
}